{
  "clients/Hoski.ca (5544702166)/notes/build_campaign_excel.py": 1774981667.7400753,
  "clients/GDM Google Ads (7087867966)/notes/build_mothers_day_campaigns.py": 1775764765.145214,
  "clients/GDM Google Ads (7087867966)/notes/build_mothers_day_sheet.py": 1775762247.659632,
  "clients/Park Road Custom Furniture and Decor (7228467515)/notes/build_campaign_sheet.py": 1774946173.3425112,
  "clients/Park Road Custom Furniture and Decor (7228467515)/notes/build_meta_ads_sheet.py": 1774978847.8161635,
  "clients/FaBesthetics (9304117954)/build_restructure.py": 1775237334.8085964,
  "clients/New Norseman (3720173680)/norseman_live_audit.py": 1775242156.8583527,
  "scripts/alerts_dispatcher.py": 1774256419.5628536,
  "scripts/client_health_scorecard.py": 1775548815.5941758,
  "scripts/google_ads_writer.py": 1775815879.471479,
  "scripts/create_pmax_mothers_day_2026.py": 1776286601.9424715,
  "scripts/meta_audience_report.py": 1775567795.6841092,
  "scripts/sheets_writer.py": 1775815950.0540283,
  "scripts/google_full_audit.py": 1773826443.144391,
  "scripts/meta_daily_pacing.py": 1775567806.195112,
  "scripts/keyword_opportunity_finder.py": 1774255822.3835316,
  "scripts/google_campaign_performance_snapshot.py": 1775815928.410502,
  "scripts/test_meta_connection.py": 1775552628.9834175,
  "scripts/google_daily_pacing_monitor.py": 1773911751.3561413,
  "scripts/report_io.py": 1775815888.9967954,
  "scripts/n_gram_analyzer.py": 1774255761.3036706,
  "scripts/google_search_terms_report.py": 1773913473.2121196,
  "scripts/callrail_report.py": 1774115290.3946297,
  "scripts/competitor_keyword_gap.py": 1774256518.8396182,
  "scripts/seasonality_forecaster.py": 1774256033.9498768,
  "scripts/generate_html_report.py": 1776053132.0661483,
  "scripts/channel_attribution_analyzer.py": 1775567796.6963594,
  "scripts/meta_campaign_snapshot.py": 1775567761.266494,
  "scripts/meta_account_health.py": 1775567794.4270093,
  "scripts/meta_frequency_monitor.py": 1775567815.8912754,
  "scripts/creative_angle_analyzer.py": 1774256243.5521438,
  "scripts/meta_ad_library_scraper.py": 1775552838.7152321,
  "scripts/keyword_theme_expander.py": 1774256310.8635073,
  "scripts/weekly_performance_report.py": 1776050679.0141246,
  "scripts/merchant_center_diagnostics.py": 1775841459.672806,
  "scripts/meta_full_audit.py": 1775552494.136205,
  "scripts/anomaly_monitor.py": 1774255190.4248254,
  "scripts/pmax_cannibalization_detector.py": 1774255964.8343043,
  "scripts/build_engagement_rings_sheet.py": 1776452583.2370276,
  "scripts/bid_strategy_recommender.py": 1774255900.1573136,
  "scripts/audience_signal_builder.py": 1774256368.733674,
  "scripts/meta_pixel_audit.py": 1775567793.292095,
  "scripts/google_smart_bidding_health.py": 1773912011.5211902,
  "scripts/google_impression_share_report.py": 1773912692.121578,
  "scripts/google_trends_integrator.py": 1774256092.6947079,
  "scripts/meta_adset_report.py": 1775567804.9333434,
  "scripts/mcc_rollup.py": 1774255271.6774836,
  "scripts/google_ad_copy_performance.py": 1773916411.171989,
  "scripts/anomaly_config.py": 1774255108.3506455,
  "scripts/google_conversion_tracking_audit.py": 1773913715.0970943,
  "scripts/drive_sync.py": 1774952471.9736447,
  "scripts/client_registry.py": 1775815888.9966133,
  "scripts/google_keyword_quality_score.py": 1773913884.1991577,
  "scripts/meta_conversion_report.py": 1775567791.54047,
  "scripts/create_pmax_mothers_day_excel.py": 1776287347.7777798,
  "scripts/meta_ad_creative_report.py": 1775567790.3207612,
  "google-ads-scripts/quality-score-tracker.js": 1775815813.3412962,
  "google-ads-scripts/label-performance-tagger.js": 1775815819.6030953,
  "google-ads-scripts/zero-impression-keywords.js": 1774255409.3518367,
  "google-ads-scripts/search-term-auto-negatives.js": 1775815823.5298338,
  "google-ads-scripts/budget-pacing-alert.js": 1774255313.386284,
  "google-ads-scripts/auction-insights-tracker.js": 1774255478.1464012,
  "google-ads-scripts/conversion-drop-alert.js": 1774255345.1268547,
  "google-ads-scripts/impression-share-monitor.js": 1774255374.2288609,
  "google-ads-scripts/rsa-ad-strength-audit.js": 1774255553.9467056,
  "The Ho\u0308ski Framework - Marketing Playbook.md": 1775375416.6812942,
  "requirements.txt": 1775227401.3444705,
  "The H\u00f6ski Framework - Additions and Edits.md": 1775451680.3603208,
  "claude-code-google-ads-setup.md": 1774249447.056195,
  "CLAUDE.md": 1775896490.7074535,
  "clients/Texas FHC (8159668041)/notes/client-info.md": 1775229244.8717134,
  "clients/Texas FHC (8159668041)/reports/texasfhc-2026-03-calls-forms-report.md": 1775229427.9938078,
  "clients/Texas FHC (8159668041)/reports/keyword-opportunity-report-2026-03-24.md": 1774371088.8629906,
  "clients/Texas FHC (8159668041)/reports/weekly-2026-03-15.md": 1774263882.7229764,
  "clients/Synergy Spine and Nerve Center (7628667762)/notes/client-info.md": 1775653563.4409676,
  "clients/Synergy Spine and Nerve Center (7628667762)/reports/weekly-2026-03-15.md": 1774263183.8338346,
  "clients/The Sustainable Watch Company/TSWC_XRAY.md": 1775498129.1054287,
  "clients/The Sustainable Watch Company/TSWC - CALL SUMMARY.md": 1775498120.1943908,
  "clients/The Sustainable Watch Company/notes/tswc-strategy-analysis.md": 1775753826.422883,
  "clients/The Sustainable Watch Company/notes/conversion-tracking-fix-2026-04-11.md": 1775855771.1535869,
  "clients/Bloomer Health (215505746566668)/notes/client-info.md": 1774113241.4716609,
  "clients/Bloomer Health (215505746566668)/reports/weekly-2026-03-15.md": 1774263085.501325,
  "clients/Hoski.ca (5544702166)/notes/webdesk-campaign-build.md": 1774981486.1105483,
  "graphify-out/converted/webdesk-campaign-build_89dab657.md": 1776527371.8136113,
  "clients/Hoski.ca (5544702166)/notes/client-info.md": 1774979035.6024666,
  "clients/Hoski.ca (5544702166)/notes/webdesk-campaign-strategy.md": 1774979431.972231,
  "clients/Anand Desai Law Firm (5865660247)/notes/Anand Desai Law Execution Architecture & Sequencing.txt": 1774024755.585874,
  "clients/Anand Desai Law Firm (5865660247)/notes/proposal-google-ads.md": 1774024954.8946474,
  "clients/Anand Desai Law Firm (5865660247)/notes/Desai Law Execution Architecture & Sequencing.md": 1773955080.4948945,
  "clients/Anand Desai Law Firm (5865660247)/notes/client-info.md": 1775653570.302551,
  "clients/Anand Desai Law Firm (5865660247)/notes/Desai Law - Web Audit v6 (Clean) - 2026-03-18.md": 1773955089.8541431,
  "clients/Anand Desai Law Firm (5865660247)/reports/weekly-2026-03-15.md": 1774263078.015333,
  "clients/Estate Jewelry Priced Right (7709532223)/notes/tracking-fix-brief-2026-03-25.md": 1774454848.542582,
  "clients/Estate Jewelry Priced Right (7709532223)/notes/client-info.md": 1776270278.2041223,
  "clients/Estate Jewelry Priced Right (7709532223)/reports/weekly-2026-03-15.md": 1774263104.8489323,
  "clients/Voit Dental 1 (5216656756)/notes/fb-campaign.md": 1774558001.9639628,
  "clients/Voit Dental 1 (5216656756)/notes/client-info.md": 1775653579.5591547,
  "clients/Voit Dental 1 (5216656756)/notes/creative-brief.md": 1774557997.6776156,
  "clients/Voit Dental 1 (5216656756)/notes/meta-ad-copies-4-videos.md": 1774562124.4163945,
  "clients/Voit Dental 1 (5216656756)/reports/Voit_Dental_60Day_Analysis.md": 1773776583.5488043,
  "clients/Voit Dental 1 (5216656756)/reports/weekly-2026-03-15.md": 1774263207.2666247,
  "clients/Voit Dental 1 (5216656756)/reports/voit_dental_60day_raw.txt": 1773776365.5644975,
  "clients/Voit Dental 1 (5216656756)/reports/CLAUDE.md": 1774099395.4636745,
  "clients/ice Ad Account (act_1509969187799563)/notes/client-info.md": 1774099806.0921552,
  "graphify-out/converted/pmax-mothers-day-campaign-build-2026-04-16_a20fefda.md": 1776527371.894913,
  "clients/GDM Google Ads (7087867966)/notes/gdm-three-lever-strategy-2026-04.md": 1775854284.8013475,